No,Area,Nyear,Constr,Form,Lifts,Aircondition,Families,Y07SUM,Y08SUM
1,1399.654458,15,混砖结构,坡屋顶,0,47,18,56228,60461
2,1976.786226,25,混砖结构,坡屋顶,0,,38,36359,39328
3,1475.435802,24,混砖结构,坡屋顶,0,20,24,43829,42805
4,1817.778603,28,混砖结构,平屋顶,0,,33,71710,73245
5,2661.640675,25,混砖结构,坡屋顶,0,,48,29210,26669
6,1984.70577,25,混砖结构,坡屋顶,0,78,42,47562,46572
7,2175.968165,28,混砖结构,平屋顶,0,,30,102799,95661
8,185.02568,108,混砖结构,坡屋顶,0,3,8,9447,10667
9,417.905828,108,混砖结构,坡屋顶,0,5,10,3169,2581
10,1098.174375,23,混砖结构,平屋顶,0,0,24,108455,106643
11,1806.863924,15,混砖结构,坡屋顶,0,,25,31397,30178
12,484.1464552,108,混砖结构,坡屋顶,0,1,6,9210,9443
13,269.4369041,108,混砖结构,坡屋顶,0,1,1,1640,170
14,135.3730535,108,混砖结构,坡屋顶,0,2,4,1402,3021
15,1506.459036,12,混砖结构,坡屋顶,0,2,24,38624,38505
16,3156.220066,13,混砖结构,坡屋顶,0,3,8,43441,39424
17,3851.060907,8,混砖结构,平屋顶,0,123,112,144460,168017
18,1417.322955,10,混砖结构,平屋顶,0,72,48,52046,63372
19,131.688506,108,混砖结构,坡屋顶,0,4,15,16049,13303
20,2038.801495,10,混砖结构,平屋顶,0,48,35,92026,104190
21,3473.23447,10,混砖结构,平屋顶,0,89,72,88513,94695
22,2726.558966,28,混砖结构,坡屋顶,0,,40,111821,116952
23,2237.777481,10,混砖结构,坡屋顶,0,97,90,109329,129120
24,4245.69144,15,混砖结构,异型屋顶,0,105,112,164415,165693
25,4342.431629,15,混砖结构,异型屋顶,0,133,112,171621,168442
26,2785.083441,28,混砖结构,坡屋顶,0,,36,56753,70191
27,922.1395778,28,混砖结构,坡屋顶,0,32,10,14130,15492
28,1405.955673,28,混砖结构,坡屋顶,0,,28,70503,68084
29,1297.659568,15,混砖结构,坡屋顶,0,,32,54920,46730
30,4329.071586,8,混砖结构,异型屋顶,0,62,56,77616,77717
31,3686.227879,28,混砖结构,坡屋顶,0,73,40,88980,84328
32,2804.07739,15,混砖结构,坡屋顶,0,,50,99156,107754
33,2586.690195,15,混砖结构,坡屋顶,0,,50,87990,97710
34,2211.379451,15,混砖结构,坡屋顶,0,,51,8367,7565
35,2065.456301,28,混砖结构,坡屋顶,0,,84,96531,100563
36,1984.314474,28,混砖结构,坡屋顶,0,,30,46247,53143
37,2324.425274,18,混砖结构,平屋顶,0,25,72,37261,52096
38,1035.906722,108,混砖结构,坡屋顶,0,2,7,15363,15604
39,7722.966098,48,混砖结构,坡屋顶,0,,24,32969,38165
40,1951.971602,10,混砖结构,平屋顶,0,,31,99494,102733
41,1140.342682,4,混砖结构,平屋顶,0,45,28,37158,39197
42,3888.950636,4,混砖结构,平屋顶,0,98,51,74070,76353
43,3068.165699,8,混砖结构,坡屋顶,0,124,120,144674,141911
44,3139.736786,18,混砖结构,平屋顶,0,89,89,123441,125675
45,3550.25913,18,混砖结构,平屋顶,0,98,98,123773,134879
46,2434.615616,3,混砖结构,平屋顶,0,98,56,101370,104838
47,2482.654665,3,混砖结构,平屋顶,0,102,56,106372,108607
48,2640.647385,3,混砖结构,平屋顶,0,88,42,91223,89403
49,3841.237064,3,混砖结构,平屋顶,0,154,84,160121,194411
50,1460.119005,3,混砖结构,平屋顶,0,52,28,60514,61441
51,3476.577241,4,混砖结构,平屋顶,0,112,56,17072,15405
52,2774.804838,28,混砖结构,平屋顶,0,76,48,73026,83491
53,3513.904995,4,混砖结构,平屋顶,0,102,49,36044,35789
54,1356.443228,4,混砖结构,平屋顶,0,52,30,32559,37961
55,973.2022946,4,混砖结构,平屋顶,0,49,24,23484,22761
56,4478.278559,4,混砖结构,平屋顶,0,178,84,157426,169601
57,2543.27037,4,混砖结构,平屋顶,0,99,51,102094,101326
58,4940.789516,4,混砖结构,平屋顶,0,150,84,155344,153995
59,1694.339657,4,混砖结构,平屋顶,0,28,15,19225,21911
60,1804.879406,4,混砖结构,平屋顶,0,78,35,45257,53194
61,1119.736147,4,混砖结构,平屋顶,0,32,15,39304,43470
62,806.3028299,4,混砖结构,平屋顶,0,228,15,31673,39654
63,1854.897834,4,混砖结构,平屋顶,0,58,30,135837,152108
64,5929.366396,28,混砖结构,坡屋顶,0,,71,253155,264876
65,1148.858022,4,混砖结构,平屋顶,0,42,28,28189,28547
66,225.6429193,108,混砖结构,坡屋顶,0,4,4,22968,22625
67,860.7334283,23,混砖结构,坡屋顶,0,,,20282,19929
68,3558.17546,23,混砖结构,平屋顶,0,102,102,169734,234417
69,1342.787423,9,混砖结构,坡屋顶,0,32,24,54674,55871
70,3265.869912,23,混砖结构,平屋顶,0,100,63,178921,176699
71,4159.413145,28,混砖结构,平屋顶,0,87,60,132337,142714
72,1670.338202,25,混砖结构,坡屋顶,0,,48,38169,40663
73,3167.939587,28,混砖结构,坡屋顶,0,,42,27920,26225
74,2655.677438,28,混砖结构,坡屋顶,0,,42,36028,43066
75,3182.819122,28,混砖结构,坡屋顶,0,,64,33932,34785
76,2775.500061,28,混砖结构,坡屋顶,0,,60,26489,24859
77,2546.476733,33,混砖结构,平屋顶,0,103,96,110773,117142
78,2886.534829,33,混砖结构,平屋顶,0,97,84,33020,35168
79,1370.888736,33,混砖结构,平屋顶,0,44,30,9897,9080
80,3971.656569,33,混砖结构,平屋顶,0,47,30,13555,19677
81,3304.529321,33,混砖结构,平屋顶,0,93,96,173450,176376
82,1994.824296,24,混砖结构,平屋顶,0,42,24,5851,5934
83,3333.904753,33,混砖结构,平屋顶,0,89,96,138706,144922
84,531.680534,108,混砖结构,坡屋顶,0,2,2,1079,1177
85,272.8537567,108,混砖结构,坡屋顶,0,1,2,1081,23
86,134.8807048,108,混砖结构,坡屋顶,0,4,6,7680,6772
87,1837.537801,24,混砖结构,平屋顶,0,,24,1908,2107
88,3126.898591,24,混砖结构,平屋顶,0,63,42,21388,23769
89,3087.572193,24,混砖结构,平屋顶,0,64,42,15264,14132
90,2245.406825,24,混砖结构,平屋顶,0,54,36,35594,36976
91,463.7449853,53,混砖结构,平屋顶,0,0,0,29206,10068
92,2888.277569,33,混砖结构,平屋顶,0,19,24,4371,6043
93,2425.594869,33,混砖结构,平屋顶,0,0,1,33876,23451
94,230.2918281,26,混砖结构,平屋顶,0,0,0,4929,1593
95,1191.168158,53,混砖结构,平屋顶,0,0,1,7621,8975
96,3233.584196,28,混砖结构,坡屋顶,0,,56,135203,133144
97,771.0308058,28,混砖结构,坡屋顶,0,28,16,37579,36430
98,374.0575388,108,混砖结构,坡屋顶,0,4,5,6942,4502
99,464.1000493,19,混砖结构,异型屋顶,0,,0,9022,8921
100,5458.801066,15,混砖结构,坡屋顶,0,,15,33615,33828
101,6234.913186,15,混砖结构,坡屋顶,0,,90,173086,177375
102,1145.023595,15,混砖结构,坡屋顶,0,57,28,54064,63188
103,1431.945568,28,混砖结构,坡屋顶,0,,28,65456,72788
104,2019.322942,25,混砖结构,坡屋顶,0,,39,46862,52748
105,3424.540634,28,混砖结构,坡屋顶,0,,69,34354,36914
106,413.9154787,38,混砖结构,平屋顶,0,0,0,16674,19266
107,1822.357423,24,混砖结构,平屋顶,0,54,42,14655,14528
108,2583.461228,28,混砖结构,坡屋顶,0,,42,46686,46176
109,526.183111,108,混砖结构,坡屋顶,0,4,6,11022,11576
110,1484.716078,24,混砖结构,坡屋顶,0,12,24,54154,57389
111,1340.093851,24,混砖结构,坡屋顶,0,18,24,35780,36774
112,482.384566,23,混砖结构,坡屋顶,0,,,18143,15269
113,211.7452561,108,混砖结构,坡屋顶,0,,4,840,1030
114,1458.292869,23,混砖结构,平屋顶,0,22,30,62992,60743
115,1019.198167,53,混砖结构,平屋顶,0,0,1,15630,9495
116,3460.729495,21,混砖结构,平屋顶,0,,60,122949,125836
117,1679.517173,23,混砖结构,平屋顶,0,,40,206220,221153
118,464.9782095,108,混砖结构,坡屋顶,0,5,5,839,1267
119,1650.226818,33,混砖结构,坡屋顶,0,4,4,4634,6939
120,51.3692305,33,混砖结构,坡屋顶,0,2,2,572,609
121,194.083678,33,混砖结构,坡屋顶,0,2,2,1758,2198
122,57.82814956,108,混砖结构,坡屋顶,0,4,5,3053,3931
123,501.4586665,33,混砖结构,坡屋顶,0,,5,665,658
124,243.7080137,33,混砖结构,坡屋顶,0,,,1164,1280
125,879.0226532,33,混砖结构,坡屋顶,0,2,3,6051,6895
126,490.6715917,108,混砖结构,坡屋顶,0,,,6870,15020
127,222.3070116,33,混砖结构,坡屋顶,0,4,6,7464,8535
128,203.6972068,33,混砖结构,坡屋顶,0,2,4,8065,6885
129,473.8049922,33,混砖结构,坡屋顶,0,,6,9888,9776
130,113.1095597,33,混砖结构,坡屋顶,0,4,3,915,1002
131,3621.587979,23,混砖结构,平屋顶,0,,70,149875,147735
132,1269.926314,23,混砖结构,平屋顶,0,,12,21796,23607
133,1148.031085,4,混砖结构,平屋顶,0,48,28,43318,46570
134,2829.251318,21,混砖结构,平屋顶,0,,172,126261,113812
135,2705.961549,23,混砖结构,平屋顶,0,,49,127705,135262
136,1342.179469,63,混砖结构,坡屋顶,0,,39,148055,155632
137,4031.340318,23,混砖结构,平屋顶,0,,24,139567,139459
138,1395.180649,23,混砖结构,平屋顶,0,,24,48321,52291
139,2754.548357,23,混砖结构,坡屋顶,0,,54,16651,15797
140,1321.704087,23,混砖结构,平屋顶,0,58,27,62820,62044
141,2169.306416,23,混砖结构,平屋顶,0,,36,80715,80463
142,2255.533123,23,混砖结构,平屋顶,0,,64,132666,158854
143,1901.783354,23,混砖结构,平屋顶,0,,28,54529,56182
144,2074.34093,23,混砖结构,平屋顶,0,,36,51385,52012
145,2096.847321,23,混砖结构,平屋顶,0,,18,62420,72277
146,2145.547503,23,混砖结构,平屋顶,0,,28,81528,82343
147,2192.663833,23,混砖结构,平屋顶,0,,28,64447,64491
148,1729.909225,23,混砖结构,平屋顶,0,,30,46616,46243
149,673.7452048,108,混砖结构,坡屋顶,0,4,5,7224,6642
150,487.8648052,108,混砖结构,坡屋顶,0,2,2,2624,2985
151,85.61493783,108,混砖结构,坡屋顶,0,1,2,3278,2915
152,220.0094879,108,混砖结构,坡屋顶,0,1,5,953,949
153,1461.729433,33,混砖结构,坡屋顶,0,1,1,27989,16632
154,814.0915223,33,混砖结构,坡屋顶,0,,6,13377,13500
155,262.6489491,108,混砖结构,坡屋顶,0,2,2,5341,7457
156,2795.472434,58,混砖结构,坡屋顶,0,,3,11549,13145
157,1893.002937,18,混砖结构,平屋顶,0,18,22,26902,27595
158,86.54603604,108,混砖结构,坡屋顶,0,6,9,719,598
159,487.6692828,68,混砖结构,坡屋顶,0,2,2,1693,1578
160,5732.30078,108,混砖结构,坡屋顶,0,2,2,9480,9350
161,548.6234659,15,混砖结构,坡屋顶,0,,42,62643,59848
162,9610.476686,15,混砖结构,坡屋顶,0,,51,84287,82826
163,3979.015781,23,混砖结构,平屋顶,0,,56,175947,163500
164,154.9945557,58,混砖结构,坡屋顶,0,,3,14629,15906
165,1942.055466,23,混砖结构,平屋顶,0,,36,62476,61889
166,2105.290556,23,混砖结构,平屋顶,0,,28,59446,63243
167,246.9334521,68,混砖结构,坡屋顶,0,,,10520,17000
168,738.8680198,63,混砖结构,坡屋顶,0,,6,59177,63657
169,749.6511341,108,混砖结构,坡屋顶,0,,,5843,5446
170,7872.548811,8,混砖结构,平屋顶,0,168,70,191502,196397
171,514.1946978,33,混砖结构,坡屋顶,0,,5,2402,2585
172,972.4018544,108,混砖结构,坡屋顶,0,,,43340,45420
173,2116.672037,108,混砖结构,平屋顶,0,21,24,73346,76822
174,1734.080999,28,混砖结构,平屋顶,0,8,14,14900,11710
175,252.1414957,108,混砖结构,坡屋顶,0,2,4,7404,8196
176,1075.583677,108,混砖结构,平屋顶,0,5,11,134821,110627
177,4279.903399,28,混砖结构,平屋顶,0,72,96,187176,188745
178,1786.390947,8,混砖结构,平屋顶,0,50,42,75809,85934
179,10475.14679,28,混砖结构,平屋顶,0,78,84,192973,185850
180,5897.361747,5,混砖结构,平屋顶,0,92,48,150525,159130
181,1900.497314,28,混砖结构,平屋顶,0,30,18,72245,73274
182,2845.385875,8,混砖结构,平屋顶,0,76,42,160089,148931
183,5361.335014,8,混砖结构,平屋顶,0,80,42,530324,560499
184,2652.248121,8,混砖结构,平屋顶,0,72,35,121187,127191
185,4525.344057,7,混砖结构,平屋顶,0,118,45,115405,117733
186,2345.450536,8,混砖结构,平屋顶,0,82,88,112727,110635
187,280.4318002,108,混砖结构,坡屋顶,0,0,12,8197,8988
188,2222.442709,8,混砖结构,坡屋顶,0,14,16,59715,65063
189,4445.309409,8,混砖结构,坡屋顶,0,40,40,157163,150772
190,1212.205529,15,混砖结构,坡屋顶,0,,28,48259,51365
191,593.3751376,28,混砖结构,坡屋顶,0,5,12,17389,28823
192,217.8445993,8,混砖结构,坡屋顶,0,13,12,10272,12984
193,691.1773107,28,混砖结构,平屋顶,0,18,16,1670,1719
194,1433.296424,308,混砖结构,坡屋顶,0,0,14,14473,15746
195,1076.994334,8,混砖结构,坡屋顶,0,13,12,29012,35186
196,2140.573262,8,混砖结构,坡屋顶,0,14,12,55158,67795
197,2748.77099,8,混砖结构,坡屋顶,0,15,12,99706,106134
198,1741.999542,108,混砖结构,坡屋顶,0,4,72,41217,46281
199,1145.208772,28,混砖结构,平屋顶,0,4,12,25716,29717
200,1537.538499,19,混砖结构,平屋顶,0,72,35,78434,81787
201,4693.302775,8,混砖结构,平屋顶,0,142,95,255006,257234
202,4453.886433,8,混砖结构,平屋顶,0,123,84,163732,164780
203,989.037755,26,混砖结构,坡屋顶,0,0,9,5520,5954
204,3663.560287,23,混砖结构,平屋顶,0,130,72,179900,189010
205,3489.403526,23,混砖结构,平屋顶,0,135,72,157371,164560
206,2400.903506,23,混砖结构,平屋顶,0,87,54,106704,109680
207,1606.888343,23,混砖结构,平屋顶,0,45,23,57871,58889
208,5684.350022,23,混砖结构,平屋顶,0,162,88,207278,192670
209,1937.820592,7,混砖结构,平屋顶,0,82,40,84800,85896
210,2917.569169,18,混砖结构,平屋顶,0,58,66,7846,9407
211,486.1710369,108,混砖结构,坡屋顶,0,3,13,11246,12732
212,6428.316371,13,混砖结构,平屋顶,0,102,119,337100,340224
213,184.7825405,108,混砖结构,坡屋顶,0,1,12,3626,2977
214,2658.427954,18,混砖结构,平屋顶,0,83,57,28817,27361
215,3171.141599,18,混砖结构,平屋顶,0,90,77,13968,12240
216,6878.908717,18,混砖结构,平屋顶,0,129,132,413317,420924
217,3954.442708,18,混砖结构,平屋顶,0,110,77,33178,27013
218,4495.652743,15,混砖结构,异型屋顶,0,127,112,170342,168372
219,15394.86994,19,混砖结构,异型屋顶,0,227,189,166792,170286
220,1820.008219,18,混砖结构,平屋顶,0,18,19,84350,82222
221,6740.0542,18,混砖结构,平屋顶,0,32,60,173663,182414
222,2015.725524,8,混砖结构,平屋顶,0,34,32,70558,78445
223,4594.365942,13,混砖结构,异型屋顶,0,136,112,125227,129167
224,2135.543359,4,混砖结构,平屋顶,0,53,26,107007,123617
225,2239.441214,4,混砖结构,平屋顶,0,37,18,74904,81784
226,3322.427554,4,混砖结构,平屋顶,0,78,36,231505,258841
227,1546.848729,4,混砖结构,平屋顶,0,35,12,70074,69422
228,3281.305486,4,混砖结构,平屋顶,0,69,36,143974,128089
229,2714.713164,4,混砖结构,平屋顶,0,68,32,101058,113916
230,575.0035545,33,混砖结构,坡屋顶,0,,,1258,674
231,798.3167068,33,混砖结构,平屋顶,0,4,6,33367,33898
232,207.1272396,33,混砖结构,坡屋顶,0,2,4,33,1813
233,478.8809574,33,混砖结构,坡屋顶,0,6,8,1500,7738
234,3097.798195,4,混砖结构,平屋顶,0,105,42,157278,150565
235,2141.845623,8,混砖结构,平屋顶,0,70,36,124409,134263
236,732.0589286,28,混砖结构,异型屋顶,0,,1,668,1209
237,463.7742562,28,混砖结构,异型屋顶,0,,2,3969,2442
238,503.0640452,63,混砖结构,异型屋顶,0,1,3,7390,7405
239,1865.848843,10,混砖结构,平屋顶,0,32,40,3440,4015
240,482.8425946,108,混砖结构,坡屋顶,0,2,6,9437,10509
241,273.3767247,108,混砖结构,坡屋顶,0,1,3,2825,3720
242,11122.24247,10,混砖结构,平屋顶,0,,27,54107,50265
243,322.4805944,63,混砖结构,异型屋顶,0,,3,869,833
244,136.7849967,63,混砖结构,异型屋顶,0,,3,1438,1314
245,1371.594936,16,混砖结构,平屋顶,0,,32,36932,39316
246,143.4039715,63,混砖结构,异型屋顶,0,,6,3300,2704
247,634.5391886,28,混砖结构,异型屋顶,0,14,22,30204,32809
248,419.0268998,108,混砖结构,坡屋顶,0,1,4,6379,6294
249,6403.083208,108,混砖结构,坡屋顶,0,2,15,22098,25490
250,3398.500402,18,混砖结构,平屋顶,0,59,77,24062,25042
251,613.0326855,108,混砖结构,坡屋顶,0,5,20,10955,11795
252,294.2166559,108,混砖结构,坡屋顶,0,9,18,6365,7973
253,205.057903,108,混砖结构,坡屋顶,0,1,4,7386,10582
254,5006.990773,23,混砖结构,平屋顶,0,,16,20838,22750
255,5130.442457,23,混砖结构,平屋顶,0,,79,316027,318279
256,4115.284416,23,混砖结构,平屋顶,0,,40,80484,77777
257,1769.560662,23,混砖结构,平屋顶,0,,33,80440,79561
258,2347.160771,23,混砖结构,平屋顶,0,,43,78140,80180
259,367.9923366,108,混砖结构,坡屋顶,0,,6,2548,2450
260,126.0015788,108,混砖结构,坡屋顶,0,2,3,4186,4257
261,159.1390315,108,混砖结构,坡屋顶,0,1,2,7079,7553
262,3409.993613,23,混砖结构,平屋顶,0,,59,116652,123266
263,283.7947354,23,混砖结构,坡屋顶,0,,,19296,21110
264,1299.225516,108,混砖结构,坡屋顶,0,,,112911,125107
265,1937.136534,33,混砖结构,坡屋顶,0,4,5,3882,3646
266,81.47150909,108,混砖结构,坡屋顶,0,0,1,1792,1859
267,2721.015782,108,混砖结构,坡屋顶,0,3,13,17599,17495
268,254.483152,108,混砖结构,坡屋顶,0,3,2,758,934
269,820.9569525,34,混砖结构,坡屋顶,0,,25,57993,58135
270,1730.553321,28,混砖结构,平屋顶,0,,20,67028,66639
271,7070.64459,28,混砖结构,平屋顶,0,,30,231312,244630
272,1197.228563,108,混砖结构,坡屋顶,0,1,5,3421,3536
273,9628.921394,13,混砖结构,平屋顶,0,210,156,395023,408761
274,2618.089057,13,混砖结构,平屋顶,0,70,36,7587,8437
275,645.045498,108,混砖结构,坡屋顶,0,0,13,15331,14592
276,301.3458654,108,混砖结构,坡屋顶,0,,8,2366,2401
277,2379.764824,33,混砖结构,平屋顶,0,,12,18199,18780
278,1466.458022,23,混砖结构,平屋顶,0,,25,67157,63081
279,2971.762385,23,混砖结构,平屋顶,0,,46,130832,142326
280,2821.206454,23,混砖结构,平屋顶,0,,42,110029,109740
281,5248.157882,23,混砖结构,平屋顶,0,,84,57380,56413
282,4095.510599,23,混砖结构,平屋顶,0,,40,12848,11996
283,3451.17321,23,混砖结构,平屋顶,0,,69,94902,95838
284,1266.141192,108,混砖结构,坡屋顶,0,,24,5797,5734
285,1294.270627,108,混砖结构,坡屋顶,0,,33,15912,16623
286,4261.679938,25,混砖结构,坡屋顶,0,,42,34229,36076
287,3147.307554,19,混砖结构,平屋顶,0,110,60,137310,140882
288,2744.305242,19,混砖结构,平屋顶,0,76,48,100661,104540
289,1210.34986,15,混砖结构,坡屋顶,0,,10,22474,10217
290,693.1562784,15,混砖结构,坡屋顶,0,,10,26924,25434
291,2132.84572,15,混砖结构,坡屋顶,0,43,12,40702,41396
292,726.7252163,15,混砖结构,坡屋顶,0,,24,24948,27714
293,1653.005636,15,混砖结构,坡屋顶,0,,28,71899,73365
294,3706.868846,25,混砖结构,坡屋顶,0,,60,158687,150373
295,4446.243466,19,混砖结构,平屋顶,0,132,76,141087,146105
296,295.9847633,108,混砖结构,坡屋顶,0,2,1,4002,6352
297,438.330377,33,混砖结构,坡屋顶,0,,,7024,5559
298,3455.263099,19,混砖结构,平屋顶,0,152,84,160753,166585
299,1784.006621,15,混砖结构,坡屋顶,0,,28,50266,54475
300,1494.929843,15,混砖结构,坡屋顶,0,,35,53841,63875
301,1674.392917,15,混砖结构,坡屋顶,0,,35,72572,76114
302,1579.513045,15,混砖结构,坡屋顶,0,,28,61139,57299
303,660.7802885,108,混砖结构,坡屋顶,0,,8,16192,19916
304,306.7490744,108,混砖结构,坡屋顶,0,2,2,13664,13800
305,4449.585243,23,混砖结构,平屋顶,0,,48,90623,79350
306,2053.007435,23,混砖结构,平屋顶,0,,45,122175,131930
307,2932.69735,23,混砖结构,平屋顶,0,79,42,275488,309960
308,2727.453883,19,混砖结构,平屋顶,0,62,44,134952,139310
309,4140.499509,9,混砖结构,平屋顶,0,,18,51933,53543
310,4798.562675,16,混砖结构,平屋顶,0,,98,212031,224773
311,3184.471562,19,混砖结构,平屋顶,0,,55,143672,150135
312,4890.351773,19,混砖结构,平屋顶,0,,90,211655,204868
313,4950.513737,9,混砖结构,平屋顶,0,,35,73821,70834
314,3222.830711,16,混砖结构,平屋顶,0,,49,119814,123393
315,3995.821224,7,混砖结构,平屋顶,0,,77,219168,233780
316,1312.24776,23,混砖结构,坡屋顶,0,79,31,64815,63072
317,8618.093037,18,框架结构,平屋顶,2,,60,317285,334711
318,3145.208585,13,框架结构,平屋顶,0,78,63,127981,137284
319,4454.124463,5,框架结构,平屋顶,3,,36,150762,146170
320,8992.453487,18,框架结构,平屋顶,2,,60,344727,347649
321,5255.272042,18,框架结构,平屋顶,0,86,51,167788,178207
322,2305.940866,13,框架结构,平屋顶,0,3,63,113887,120131
323,3840.078877,8,框架结构,坡屋顶,0,1,18,56448,55303
324,5118.683323,13,框架结构,平屋顶,0,3,60,216286,225525
325,3544.683096,4,框架结构,平屋顶,0,60,28,135418,150344
326,3345.496549,4,框架结构,平屋顶,0,55,28,95374,99663
327,2688.530439,4,框架结构,平屋顶,0,47,28,109328,115313
328,3138.668005,4,框架结构,平屋顶,0,54,28,144477,121009
329,3325.416995,4,框架结构,平屋顶,0,58,28,125970,129222
330,6640.497815,8,框架结构,平屋顶,0,162,56,227542,247045
331,2722.878732,23,框架结构,平屋顶,0,33,42,139575,150881
332,3610.380527,13,框架结构,平屋顶,0,3,77,141538,143496
333,2010.774404,8,框架结构,坡屋顶,0,3,24,89163,96443
334,2571.040897,8,框架结构,坡屋顶,0,3,48,27069,28748
335,4168.774729,8,框架结构,坡屋顶,0,6,84,85065,83598
336,2479.436464,8,框架结构,坡屋顶,0,3,24,72070,74754
337,1785.773812,8,框架结构,坡屋顶,0,3,36,47079,47321
338,1434.845942,13,框架结构,平屋顶,0,2,42,86200,94646
339,5969.954013,13,框架结构,平屋顶,0,6,148,298377,321575
340,7716.814522,13,框架结构,平屋顶,0,62,56,197997,222052
341,7796.147638,13,框架结构,坡屋顶,0,65,56,185345,201264
342,3035.608134,13,框架结构,坡屋顶,0,79,60,93783,100032
343,2824.62912,13,框架结构,坡屋顶,0,70,56,109827,123991
344,2839.167306,13,框架结构,坡屋顶,0,54,42,130651,129954
345,3038.454202,13,框架结构,平屋顶,0,,34,170389,173670
346,2189.191872,13,框架结构,平屋顶,0,,36,116220,115812
347,1791.777069,13,框架结构,平屋顶,0,41,36,77907,75998
348,3680.529369,23,框架结构,平屋顶,0,45,63,127022,126424
349,1524.338232,13,框架结构,平屋顶,0,37,32,18649,18660
350,2974.225768,13,框架结构,平屋顶,0,60,49,131881,136541
351,2856.633735,13,框架结构,平屋顶,0,57,48,110551,114559
352,6221.563804,13,框架结构,平屋顶,0,175,75,158915,174198
353,5815.577338,13,框架结构,平屋顶,0,,60,642909,660396
354,5612.543556,13,框架结构,平屋顶,0,,60,163969,167106
355,2837.735645,13,框架结构,平屋顶,0,140,63,82444,84978
356,2074.42826,118,框架结构,平屋顶,0,,56,142071,151490
357,2854.666176,13,框架结构,平屋顶,0,101,48,107025,110350
358,3662.598384,5,框架结构,平屋顶,0,,24,41181,72113
359,3111.914191,23,框架结构,平屋顶,0,,48,3547,4031
360,4276.75681,5,框架结构,平屋顶,0,,24,41805,71031
361,1830.437268,5,框架结构,平屋顶,0,,12,37376,35258
362,2302.684054,13,框架结构,平屋顶,0,,42,97757,90048
363,1640.923512,118,框架结构,平屋顶,0,,5,59687,66264
364,1825.219419,118,框架结构,平屋顶,0,31,24,53946,50003
365,3516.266514,28,框架结构,平屋顶,0,,20,68705,70279
366,1295.300031,118,框架结构,平屋顶,0,,32,57339,60965
367,1970.731765,13,框架结构,平屋顶,0,,28,70806,71050
368,6442.475293,8,框架结构,平屋顶,2,126,18,18883,17062
369,2940.46029,13,框架结构,平屋顶,0,,42,92189,98417
370,3050.170212,13,框架结构,平屋顶,0,,63,129389,129090
371,2884.238252,13,框架结构,平屋顶,0,,28,94797,100722
372,1658.371198,13,框架结构,平屋顶,0,103,40,86768,88043
373,1917.878514,13,框架结构,平屋顶,0,,36,70790,74771
374,6889.679406,8,框架结构,平屋顶,3,130,38,23080,32136
375,3907.896257,13,框架结构,平屋顶,0,,49,187060,208282
376,2323.20754,13,框架结构,平屋顶,0,95,30,60246,61737
377,2625.275231,13,框架结构,平屋顶,0,,40,40084,38303
378,2791.286226,13,框架结构,平屋顶,0,,47,100159,101645
379,2714.422649,13,框架结构,平屋顶,0,,40,73961,74585
380,2418.96949,13,框架结构,平屋顶,0,94,42,95500,100813
381,2073.10926,13,框架结构,平屋顶,0,102,45,81026,53911
382,4470.313533,13,框架结构,平屋顶,0,,70,170802,179051
383,3121.733424,13,框架结构,平屋顶,0,159,63,132296,136495
384,1108.702038,13,框架结构,平屋顶,0,,16,28592,26415
385,12673.31624,13,框架结构,平屋顶,0,,136,281006,284749
386,2048.422392,13,框架结构,平屋顶,0,,24,102403,105804
387,9283.160272,7,框架结构,平屋顶,2,,58,263444,416650
388,2947.864849,23,框架结构,平屋顶,0,,54,54837,54909
389,6259.482535,13,框架结构,平屋顶,0,105,85,232547,246151
390,5421.07603,13,框架结构,平屋顶,0,,85,261330,283105
391,5166.514614,13,框架结构,平屋顶,0,,120,273425,307058
392,2604.761151,23,框架结构,平屋顶,0,130,50,15402,18596
393,4634.119369,18,框架结构,平屋顶,0,,45,145684,133656
394,1379.422976,13,框架结构,平屋顶,0,,40,69170,73578
395,1941.309236,13,框架结构,平屋顶,0,,36,96977,97501
396,1700.878585,13,框架结构,平屋顶,0,93,32,49304,55151
397,5225.447897,13,框架结构,平屋顶,0,,48,46054,49824
398,2188.968044,13,框架结构,平屋顶,0,55,48,124421,130470
399,5930.018522,13,框架结构,平屋顶,0,,85,209533,219598
400,1875.226907,13,框架结构,平屋顶,0,225,150,214979,220141
401,4285.462012,5,框架结构,平屋顶,0,,24,22863,63949
402,3241.700246,13,框架结构,平屋顶,0,,42,104553,106342
403,22882.74,0,框架结构,平屋顶,2,,123,0,128163
404,12328.6967,0,框架结构,平屋顶,2,,194,0,147338
405,1942.415294,118,框架结构,平屋顶,0,,30,74483,78447
406,3651.81155,5,框架结构,平屋顶,3,41,34,163330,174524
407,5616.844802,13,框架结构,平屋顶,0,134,56,18287,19010
408,2583.804035,13,框架结构,平屋顶,0,,54,112799,122397
409,879.2742865,23,框架结构,平屋顶,0,,18,6037,5851
410,5235.404468,13,框架结构,平屋顶,0,95,48,200949,209444
411,3858.022628,13,框架结构,平屋顶,0,,72,96644,100542
412,3229.521688,13,框架结构,平屋顶,0,,40,297146,311179
413,5123.662394,13,框架结构,平屋顶,0,186,84,210458,212641
414,3427.006457,13,框架结构,平屋顶,0,,80,149520,142242
415,2762.269201,18,框架结构,平屋顶,0,164,63,175732,185963
416,888.8825169,13,框架结构,平屋顶,0,,18,791,1348
417,3267.234078,13,框架结构,平屋顶,0,,54,22218,22469
418,4989.652301,13,框架结构,平屋顶,0,,63,165540,172248
419,3244.583421,23,框架结构,平屋顶,0,64,24,27763,26236
420,17283.80366,5,框架结构,平屋顶,0,,64,111395,121821
421,3615.502852,13,框架结构,平屋顶,0,,72,148156,158560
422,3887.952266,13,框架结构,平屋顶,0,,72,161940,179493
423,2566.928897,13,框架结构,平屋顶,0,,18,99170,105281
424,9422.531009,5,框架结构,平屋顶,4,,75,292403,304043
425,31926.72857,0,框架结构,平屋顶,4,,210,0,230778
426,4283.391953,5,框架结构,平屋顶,4,152,72,126326,148831
427,4665.76766,5,框架结构,平屋顶,4,155,72,143801,160024
428,3428.243209,5,框架结构,平屋顶,4,153,72,93046,108025
429,10003.97603,5,框架结构,平屋顶,4,,76,320924,330942
430,2887.863577,5,框架结构,平屋顶,2,57,22,103596,98988
431,4358.880854,13,框架结构,平屋顶,0,,84,187664,193767
432,8607.161103,5,框架结构,平屋顶,3,81,55,299214,298980
433,4831.014954,5,框架结构,平屋顶,3,92,42,151704,154259
434,3180.093883,5,框架结构,平屋顶,2,46,24,121644,111356
435,3180.094155,5,框架结构,平屋顶,2,42,24,126128,126175
436,4353.820337,5,框架结构,平屋顶,2,,40,168753,174039
437,5622.82593,5,框架结构,平屋顶,5,126,60,147391,164639
438,9294.650327,5,框架结构,平屋顶,1,,64,357565,378723
439,5123.555834,5,框架结构,平屋顶,3,112,42,191479,198073
440,7331.082365,5,框架结构,平屋顶,3,124,50,238315,251308
441,8748.647449,5,框架结构,平屋顶,2,,36,327108,361769
442,2592.614727,33,框架结构,平屋顶,0,69,60,120332,122685
443,3153.171584,33,框架结构,平屋顶,0,67,60,113005,119298
444,3153.293392,33,框架结构,平屋顶,0,72,60,126348,122802
445,3099.136839,33,框架结构,平屋顶,0,57,60,129565,130559
446,3183.016282,33,框架结构,平屋顶,0,61,60,116821,130771
447,2035.334063,4,框架结构,平屋顶,2,28,36,42419,59184
448,2901.950813,4,框架结构,平屋顶,3,49,45,70052,81671
449,12534.20885,8,框架结构,平屋顶,1,,126,417388,421910
450,2714.30052,13,框架结构,平屋顶,0,5,66,91091,97797
451,4434.454874,13,框架结构,平屋顶,0,5,90,186286,188777
452,8284.190391,13,框架结构,平屋顶,0,12,162,338959,348743
453,2226.414383,13,框架结构,平屋顶,0,3,63,119180,123474
454,2669.266389,4,框架结构,平屋顶,0,58,28,80852,94739
455,1639.052685,30,框架结构,平屋顶,0,32,35,57544,56856
456,2770.860868,13,框架结构,平屋顶,0,87,42,193332,140081
457,5121.746142,13,框架结构,平屋顶,0,6,56,180828,188955
458,2135.914786,13,框架结构,平屋顶,0,,56,129052,139608
459,2810.031532,13,框架结构,平屋顶,1,56,50,91900,110655
460,9523.317315,5,框架结构,平屋顶,1,,64,267597,306564
461,2709.910574,13,框架结构,平屋顶,0,4,56,88994,94544
462,1346.07144,28,框架结构,平屋顶,1,26,20,54345,54104
463,3165.865887,33,框架结构,平屋顶,0,,56,132679,136714
464,2650.710569,5,框架结构,平屋顶,3,62,30,3814,4887
465,1170.334129,24,框架结构,平屋顶,0,22,18,40915,42951
466,2491.162619,28,框架结构,平屋顶,0,48,40,94528,106026
467,1103.916489,28,框架结构,平屋顶,0,,20,146344,181028
468,4605.305436,13,框架结构,平屋顶,0,6,91,193242,207393
469,6106.565788,13,框架结构,平屋顶,0,5,81,333079,342525
470,2806.998171,19,框架结构,平屋顶,0,52,56,49730,53483
471,11763.60203,13,框架结构,平屋顶,2,3,96,350278,347356
472,6337.464104,8,框架结构,平屋顶,0,156,56,224167,233996
473,2778.088888,13,框架结构,平屋顶,0,,2,217830,233250
474,5757.353649,8,框架结构,平屋顶,0,,38,18654,27396
475,3122.655818,13,框架结构,平屋顶,0,,56,88809,93600
476,2079.235785,13,框架结构,平屋顶,0,,24,48180,44355
477,2851.732581,13,框架结构,平屋顶,0,,60,121847,124845
478,3050.365008,13,框架结构,平屋顶,0,,49,104522,109422
479,3946.989021,8,框架结构,平屋顶,0,,40,53612,44154
480,3786.346343,8,框架结构,平屋顶,0,,40,120638,101378
481,2866.21214,13,框架结构,平屋顶,0,,60,123278,128933
482,4429.463348,13,框架结构,平屋顶,0,95,42,55308,54577
483,7706.994568,13,框架结构,坡屋顶,0,,140,263404,276027
484,6228.741263,13,框架结构,坡屋顶,0,,140,277199,294012
